Date,ID,URL,Content,Likes,Retweets
2022-12-29 20:27:54+00:00,1608560460827348995,https://twitter.com/ellyesse/status/1608560460827348995,Meloni in conferenza stampa ha detto ‚Äúmeglio i voucher del lavoro nero‚Äù. Quindi l‚Äôidea di un lavoro a tempo indeterminato con adeguate tutele non la sfiora nemmeno. Per la destra la precariet√† non esiste. https://t.co/sCblVzNK90,2071,0
2022-12-29 19:46:24+00:00,1608550016590962688,https://twitter.com/ellyesse/status/1608550016590962688,"#Pel√© √® stato una vera e propria leggenda del calcio. 
Un campione che ha segnato per sempre la storia dello sport mondiale perch√© √® riuscito a emozionare chiunque, superando confini geografici e generazionali.",405,0
2022-12-29 13:16:38+00:00,1608451930195648512,https://twitter.com/ellyesse/status/1608451930195648512,"Trasmettere il testo del ddl sull‚Äôautonomia differenziata al consiglio dei ministri √® una grave scorrettezza di Calderoli. 

Lo ritiri e lo porti prima in Conferenza Stato-Regioni e in Conferenza Unificata per un doveroso confronto istituzionale.",740,0
2022-12-24 13:57:04+00:00,1606650166009892864,https://twitter.com/ellyesse/status/1606650166009892864,"Abbiamo battagliato tutta la notte ma non c‚Äô√® stato verso, questa mattina alle 7 √® stata licenziata alla Camera una legge di bilancio senza visione strategica e ingiusta, perch√© penalizza soprattutto le persone pi√π povere e chi fa pi√π fatica. 

https://t.co/5ORbSWefny",2057,0
2022-12-18 21:10:01+00:00,1604584795371192320,https://twitter.com/ellyesse/status/1604584795371192320,Appena arrivata a Siena per l‚Äôultima tappa di oggi in Toscana. #ParteDaNoi https://t.co/zpe8bDFxzw,630,0
2022-12-18 18:21:54+00:00,1604542486931963904,https://twitter.com/ellyesse/status/1604542486931963904,"Che bellissima accoglienza! 
Grazie Firenze! #ParteDaNoi https://t.co/DSoYiy5CW1",815,0
2022-12-16 10:08:44+00:00,1603693602223292422,https://twitter.com/ellyesse/status/1603693602223292422,"Il disegno di autonomia differenziata del Ministro Calderoli √® pericoloso per l‚Äôunit√† e la coesione del Paese. 
La questione meridionale √® una questione nazionale, bisogna ridurre le diseguaglianze territoriali, non dividere ulteriormente l‚ÄôItalia. https://t.co/gXG1M9kgxI",961,0
2022-12-15 09:54:32+00:00,1603327640563220481,https://twitter.com/ellyesse/status/1603327640563220481,"Preoccupante l‚Äôarchiviazione dell'inchiesta sulle minacce della mafia libica arrivate a Don Mattia e anche le motivazioni addotte.
Chi supporta le persone pi√π fragili e salva vite in mare e per questo subisce minacce va protetto, piena solidariet√† a Don Mattia! https://t.co/BBaCRaEYjI",297,0
2022-12-14 15:33:12+00:00,1603050482628436021,https://twitter.com/ellyesse/status/1603050482628436021,"Grazie di cuore a tutte le persone che si stanno iscrivendo al link https://t.co/n0kTWTY51r 
Mobilitiamoci tutte e tutti per ricostruire la sinistra. #ParteDaNoi 

https://t.co/ibVkVaSia3",538,0
2022-12-11 15:55:08+00:00,1601968837959815170,https://twitter.com/ellyesse/status/1601968837959815170,"Buonasera! Stasera sar√≤ ospite di @chetempochefa su Rai Tre, intorno alle 20.50. 

A dopo! https://t.co/NVbsVyydtm",1013,0
2022-12-10 16:22:07+00:00,1601613237870788608,https://twitter.com/ellyesse/status/1601613237870788608,"Grazie davvero a tutte le persone che si stanno gi√† iscrivendo al link https://t.co/n0kTWTYCQZ 
Mobilitiamoci tutte e tutti, alla pari, per ricostruire la sinistra. https://t.co/nxas5SHy32",882,0
2022-12-09 10:21:47+00:00,1601160169592786944,https://twitter.com/ellyesse/status/1601160169592786944,Massima solidariet√† e vicinanza a @pinapic,318,0
2022-12-08 07:48:54+00:00,1600759307380748288,https://twitter.com/ellyesse/status/1600759307380748288,"Non intendiamo fare una nuova corrente, ma fare emergere le energie migliori. 

Non vogliamo che passino le persone pi√π fedeli ma quelle pi√π competenti. 

#Tg1Mattina",1801,0
2022-12-08 07:45:19+00:00,1600758405706420225,https://twitter.com/ellyesse/status/1600758405706420225,"Non credo ci sia il rischio di una scissione dopo il congresso #Pd. 

Io gioco per vincere ma sono disposta ad accettare l‚Äôesito contrario. 

#Tg1Mattina",817,0
2022-11-29 16:52:05+00:00,1597634514796580866,https://twitter.com/ellyesse/status/1597634514796580866,"Domenica a Roma, al Monk, quartiere Portonaccio, alle 10. 
Vi aspettiamo! 

#ParteDaNoi https://t.co/iose0I3TBr",944,0
2022-11-29 11:15:48+00:00,1597549884525408256,https://twitter.com/ellyesse/status/1597549884525408256,"@StefanoFeltri @pdnetwork @danielapreziosi Caro Direttore, la notizia √® completamente priva di fondamento. 

Come peraltro, prima che l‚Äôarticolo venisse comunque pubblicato dal vostro giornale, vi avevamo gi√† anticipato. 

Buon lavoro.",917,0
2022-11-18 16:37:40+00:00,1593644620176556033,https://twitter.com/ellyesse/status/1593644620176556033,"La candidatura di #Majorino in Lombardia √® davvero un‚Äôottima notizia. 

Da sempre in prima linea sul fronte dei diritti sociali e civili, amministratore competente, di grande coerenza, capace di unire e con una visione di futuro chiara. 

Forza Pier, siamo con te!",1487,0
2022-11-06 10:07:43+00:00,1589197833340526592,https://twitter.com/ellyesse/status/1589197833340526592,Quanto accade a Catania √® inumano e illegale. Il soccorso si conclude con lo sbarco nel porto sicuro. Non si possono sequestrare le persone sulla nave.Allontanarle sarebbe respingimento collettivo. La selezione √® arbitraria: hanno diritto individuale a chiedere asilo. Sbarco ora!,2686,0
2022-11-05 19:10:29+00:00,1588972034566295553,https://twitter.com/ellyesse/status/1588972034566295553,Oggi a Roma un meraviglioso fiume umano di speranza. #EuropeForPeace https://t.co/DNETFb1zVH,924,0
2022-11-04 14:38:11+00:00,1588541120547815427,https://twitter.com/ellyesse/status/1588541120547815427,"Domani parteciperemo in tante e tanti a Roma a #EuropeForPeace, in solidariet√† al popolo ucraino e per la pace! https://t.co/Cc0kPXxlVu",426,0
2022-11-02 17:31:42+00:00,1587860012361211906,https://twitter.com/ellyesse/status/1587860012361211906,"Buonasera! 
Intorno alle 20.40 sar√≤ ospite de ‚ÄúIl cavallo e la torre‚Äù su @RaiTre",481,0
2022-11-01 15:48:32+00:00,1587471662517190656,https://twitter.com/ellyesse/status/1587471662517190656,"La prima bandierina securitaria del governo √® pericolosa per la libert√† e la sicurezza:la norma prevede sanzioni sproporzionate e non delinea in modo certo la fattispecie,prestandosi a una discrezionalit√† tale da poter colpire anche manifestazioni di protesta pacifiche.#raveparty",3095,0
2022-10-26 19:08:52+00:00,1585347747884171264,https://twitter.com/ellyesse/status/1585347747884171264,"NO al rinnovo del Memorandum con la Libia.

Oggi in piazza, a Roma, lo abbiamo detto forte e chiaro insieme a tante persone e organizzazioni. 

#NonSonoDAccordo https://t.co/KG4u2yaO16",872,0
2022-10-01 14:46:39+00:00,1576222065681539072,https://twitter.com/ellyesse/status/1576222065681539072,"Oggi in tutto il mondo ci sono piazze di protesta per l‚Äôuccisione di Mahsa Amini, Hadis Najafi e molt…ô altr…ô impegnat…ô contro un regime oppressivo e per la libert√†. 
Non lasciamo sola la coraggiosa ribellione delle iraniane, moltiplichiamo le loro voci. La loro rabbia √® la nostra",2359,0
2022-09-23 21:59:51+00:00,1573431979789680640,https://twitter.com/ellyesse/status/1573431979789680640,Domenica possiamo scegliere un futuro migliore per le persone e per il Pianeta.Grazie a chi ha messo cuore e passione nella campagna per la nostra lista PD-Italia Democratica e Progressista. Forza! Qui il mio intervento per la chiusura a Piazza del Popolo: https://t.co/kVde3NmGtJ,1102,0
2022-09-23 15:00:10+00:00,1573326363196628994,https://twitter.com/ellyesse/status/1573326363196628994,"Ecco la mia intervista al @TIME 

https://t.co/K5gHwI6sN9",538,0
2022-09-21 17:33:45+00:00,1572640236001234948,https://twitter.com/ellyesse/status/1572640236001234948,"Ci vediamo in piazza, domani a Bologna e Modena, venerd√¨ a Roma. 

Forza, vi aspettiamo! https://t.co/UKnzNj7ESs",609,0
2022-09-21 11:12:40+00:00,1572544336088420354,https://twitter.com/ellyesse/status/1572544336088420354,"Abbiamo mille ragioni per non crederci pi√π, ma una per farlo ancora. Se non ci occupiamo di politica lei si occuper√† comunque di noi.

E allora stavolta, il 25 settembre, scegliamo noi.

Moltiplichiamo le nostre voci, mobilitiamoci per restituire una speranza. https://t.co/7jPuZsJf1U",2450,0
2022-09-21 07:16:07+00:00,1572484806142738434,https://twitter.com/ellyesse/status/1572484806142738434,"La politica non sia sorda alle preoccupazioni e alle proposte della rete di 600 associazioni che si stanno mobilitando per il 5 novembre. Pongono questioni cruciali per giustizia sociale e climatica.  
#NonPerNoiMaPerTutteETutti 

https://t.co/YQH8G2zSCe",213,0
2022-09-20 17:02:30+00:00,1572269985640370182,https://twitter.com/ellyesse/status/1572269985640370182,"Piena solidariet√† a @sruotolo1, che sono andata a sostenere a Torre Annunziata solo qualche giorno fa. Sandro, sei tutte e tutti noi, non sei solo e ci stringiamo a te nella tua battaglia quotidiana contro le ingiustizie e lo schifo delle mafie. https://t.co/zYSgaprnEZ",656,0
2022-09-20 12:43:27+00:00,1572204793749278720,https://twitter.com/ellyesse/status/1572204793749278720,"Ecco la mia intervista a The Guardian
@guardiannews 
https://t.co/9MiVvIRZvj",313,0
2022-09-19 12:49:30+00:00,1571843929049268224,https://twitter.com/ellyesse/status/1571843929049268224,"Ecco le tappe di domani in Lombardia e dopodomani in Sardegna. 

Forza, vi aspettiamo! 

Tutte le info su üëâhttps://t.co/73Pv51p5bt https://t.co/RiN2RkbHbK",180,0
2022-09-19 10:14:49+00:00,1571804998832455681,https://twitter.com/ellyesse/status/1571804998832455681,"Non √® cambiando il modello dell‚Äôuomo solo al comando con una donna sola al comando che risolviamo i complessi problemi del Paese. 

√à quel modello che va cambiato, con uno sforzo plurale e collettivo. https://t.co/ULliIGyQi1",1671,0
2022-09-19 06:33:30+00:00,1571749304246697984,https://twitter.com/ellyesse/status/1571749304246697984,"Noi siamo un Paese che spende, per le emergenze, sei volte tanto rispetto a quello che investe nella prevenzione.

Questa tendenza va invertita. 

L‚Äôunica grande opera di cui l‚ÄôItalia ha ora bisogno √® un piano contro il dissesto idrogeologico. 

#AgoraRai #Marche",2389,0
2022-09-18 15:10:47+00:00,1571517095552106497,https://twitter.com/ellyesse/status/1571517095552106497,"Da amministratrice posso dirlo: per fortuna che c'era il Reddito di Cittadinanza durante il periodo della pandemia. 

Un milione di famiglie, grazie ad esso, non e' scivolato verso la poverta'. 

Si puo' migliorare, ma √® necessario. #mezzorainpiu",1945,0
2022-09-18 15:08:28+00:00,1571516511247908866,https://twitter.com/ellyesse/status/1571516511247908866,Non ce ne facciamo nulla di una leader donna se non si batte per i diritti di tutte le altre donne #mezzorainpiu,7699,0
2022-09-18 12:15:07+00:00,1571472886640033792,https://twitter.com/ellyesse/status/1571472886640033792,"Vi aspettiamo a Roma alle 18.30 insieme a tante meravigliose compagne al Giardino Galafati
 (Via del Pigneto, 104) https://t.co/sflG2nNhfO",151,0
2022-09-17 17:40:03+00:00,1571192270157713412,https://twitter.com/ellyesse/status/1571192270157713412,"Ecco le tappe nell‚Äôultima settimana prima del voto. 
Vi aspettiamo!

Su üëâ https://t.co/73Pv51p5bt tutti i dettagli https://t.co/u801YiNgv3",191,0
2022-09-15 13:50:49+00:00,1570409806011289600,https://twitter.com/ellyesse/status/1570409806011289600,"Qui la mia intervista a @fanpage 

https://t.co/B5WPTvlPW6",64,0
2022-09-12 19:08:16+00:00,1569402533252108289,https://twitter.com/ellyesse/status/1569402533252108289,"Il confronto sulle idee  penalizza chi ne ha poche, sbagliate e confuse come questa destra: bravo @EnricoLetta, #VinconoLeIdee",886,0
2022-09-12 12:59:37+00:00,1569309758347419648,https://twitter.com/ellyesse/status/1569309758347419648,"Qui trovate gli appuntamenti di oggi. 

Vi aspettiamo! https://t.co/lbg3JGpXoF",100,0
2022-09-11 21:11:49+00:00,1569071236562681856,https://twitter.com/ellyesse/status/1569071236562681856,L‚ÄôITALIA HA VINTO IL MONDIALE DI VOLLEY! A 24 anni dall‚Äôultimo la nazionale si aggiudica il quarto titolo mondiale con una straordinaria vittoria contro la Polonia: complimenti a tutta la squadra! #VolleyballWorldChampionship,595,0
2022-09-09 16:10:12+00:00,1568270556524384257,https://twitter.com/ellyesse/status/1568270556524384257,"Ecco a voi gli appuntamenti di domani. 
Vi aspettiamo! https://t.co/RkpPEqwX7e",246,0
2022-09-08 14:30:46+00:00,1567883147647356931,https://twitter.com/ellyesse/status/1567883147647356931,"Non fate caso alle facce, era inatteso. üòâ https://t.co/Ms1DHE0nvn",440,0
2022-09-07 18:29:23+00:00,1567580809061715971,https://twitter.com/ellyesse/status/1567580809061715971,"Investire nella scuola √® il primo passo da fare per ridurre le disuguaglianze. 

Per questo serve un grande investimento sui nidi. 

E poi mense e libri di testo gratuiti, stipendi pi√π alti per gli insegnanti e trasporto pubblico gratuito per gli studenti.",805,0
2022-09-07 18:26:46+00:00,1567580150509838337,https://twitter.com/ellyesse/status/1567580150509838337,"A Berlusconi, che ha promesso 1 milione di alberi in tutto il Paese, vorrei dare una notizia: in Emilia-Romagna dall‚Äôinizio della legislatura, grazie all‚Äôimpegno della nostra giunta, siamo riusciti gi√† a piantumarne pi√π di un milione.",976,0
2022-09-07 18:15:47+00:00,1567577387377754113,https://twitter.com/ellyesse/status/1567577387377754113,"La #FlatTax √® un capolavoro di ingiustizia. 
Meno tasse alle persone pi√π facoltose vuol dire meno servizi a chi ne ha estremamente bisogno. 

Non tutti possono permettersi di affittare un piano del San Raffaele per curarsi.

#Piacenza",1397,0
2022-09-07 14:30:21+00:00,1567520654081105923,https://twitter.com/ellyesse/status/1567520654081105923,"Qui la mia intervista ad  @AP 

https://t.co/60cmjqaIhs",64,0
2022-09-06 12:47:29+00:00,1567132378245521409,https://twitter.com/ellyesse/status/1567132378245521409,"Fra un‚Äôora sar√≤ ospite a La7 #tagadala7 

https://t.co/p2gsibZMOg",33,0
2022-09-05 11:45:15+00:00,1566754328068718592,https://twitter.com/ellyesse/status/1566754328068718592,"Questo √® razzismo. 
E fa schifo. https://t.co/klBV8cvJYy",6080,0
2022-08-30 07:02:56+00:00,1564508952460775424,https://twitter.com/ellyesse/status/1564508952460775424,"La destra √® nostalgica delle cose sbagliate, tipo la leva obbligatoria per ‚Äúdisciplinare‚Äù i giovani. 

Noi lo siamo del lavoro ben retribuito e non precario.

Rimettiamo nelle loro mani il futuro, non il fucile. https://t.co/p2VjRoWblC",3165,0
2022-08-29 18:22:18+00:00,1564317533804662784,https://twitter.com/ellyesse/status/1564317533804662784,"Buonasera, alle 21.30 sar√≤ a @La7tv, ospite de ‚ÄúLa corsa al voto‚Äù.",332,0
2022-08-29 06:04:20+00:00,1564131819846619136,https://twitter.com/ellyesse/status/1564131819846619136,"Buongiorno, fra mezz‚Äôora sar√≤ a Tg1 Mattina.",220,0
2022-08-25 16:24:16+00:00,1562838278625460224,https://twitter.com/ellyesse/status/1562838278625460224,"Bisogna ascoltare la scienza sull‚Äôemergenza climatica come si √® fatto per la pandemia, invece c‚Äô√® ancora chi la nega. https://t.co/QcCFd7Mfg8",671,0
2022-08-24 18:20:42+00:00,1562505190695370752,https://twitter.com/ellyesse/status/1562505190695370752,Alle 21.30 sar√≤ ospite di Controcorrente su @rete_4,54,0
2022-08-12 15:57:01+00:00,1558120377523601409,https://twitter.com/ellyesse/status/1558120377523601409,"Ci sono momenti in cui la posta in gioco √® talmente alta che non si pu√≤ stare a guardare.
#ItaliaDemocraticaProgressista

https://t.co/5j5NNj7wpm",487,0
2022-07-14 10:26:30+00:00,1547527955710181377,https://twitter.com/ellyesse/status/1547527955710181377,"Scalfari ha raccontato il Paese con una penna intrisa di forte impegno civile e passione politica. 

Una penna che ha contribuito a segnare la storia del giornalismo italiano. 

Condoglianze alla famiglia, ai suoi amici e alle persone che hanno lavorato con lui.",146,0
2022-06-24 16:52:25+00:00,1540377317096185856,https://twitter.com/ellyesse/status/1540377317096185856,"La Corte Suprema Usa ha revocato il diritto costituzionale ad abortire, cancellando la sentenza #RoeVsWade.
Ora potranno decidere i singoli stati.
Un salto indietro di 50 anni, un terrificante salto nel buio in cui si cancellano i diritti delle donne a scegliere sul proprio corpo",809,0
2022-06-22 21:47:41+00:00,1539726847876923407,https://twitter.com/ellyesse/status/1539726847876923407,"@MarcoDePonte @ActionAid Thanks to @ActionAid for this wonderful opportunity to exchange views with country directors from the whole world, for your inspiring work and words. And thanks for choosing Bologna, and Emilia-Romagna, for such an important meeting! @ActionAidItalia",8,0
2022-06-18 14:40:42+00:00,1538169842624303104,https://twitter.com/ellyesse/status/1538169842624303104,"Vi aspettiamo stasera alle 20 a Bologna, in Piazza Maggiore, con il Presidente della Conferenza Episcopale Italiana Matteo Zuppi e Chiara Valerio. 

#repubblicadelleidee2022 https://t.co/5vBgjg8z1y",140,0
2022-06-09 13:52:28+00:00,1534896211009974272,https://twitter.com/ellyesse/status/1534896211009974272,"Domani vi aspettiamo a Bologna per un grande appuntamento sulla Strategia Regionale sull‚ÄôAgenda 2030 per lo Sviluppo Sostenibile, che abbiamo approvato a novembre scorso e sta gi√† cominciando a camminare.Con noi anche Jeffrey Sachs e il Ministro Giovannini https://t.co/jHygJsUmUP",38,0
2022-06-07 12:15:15+00:00,1534146969169547270,https://twitter.com/ellyesse/status/1534146969169547270,"√à una bellissima notizia, concordo con Rossella, complimenti e in bocca al lupo per questa nuova grande sfida a @EZanchini che ha sempre dimostrato grande competenza e forte determinazione!",37,0
2022-06-04 12:46:56+00:00,1533067778449625089,https://twitter.com/ellyesse/status/1533067778449625089,In Iran √® stato respinto l'ultimo appello degli avvocati di Ahmadreza Djalali. Il ricercatore iraniano naturalizzato svedese rischia di essere mandato a morte in qualsiasi momento! Diciamo con forza #SaveAhmadreza https://t.co/paJJdBQOMH,120,0
2022-06-02 18:51:20+00:00,1532434708759466006,https://twitter.com/ellyesse/status/1532434708759466006,"@dariabig @A_LisaCorrado Che bello vedervi insieme, due persone stupende. Vi voglio bene e vi abbraccio . ‚ù§Ô∏è",27,0
2022-06-02 14:10:33+00:00,1532364045587828737,https://twitter.com/ellyesse/status/1532364045587828737,"Festeggiamo la Repubblica tenendo sempre vivo il ricordo delle persone che hanno combattuto per liberarci dall‚Äôoppressione nazifascista e di chi ha poi sancito principi e valori della Costituzione, ancora oggi il nostro faro lungo il sentiero della democrazia.Buon #2Giugno! https://t.co/wjZ42gD9bU",152,0
2022-05-28 05:51:31+00:00,1530426523005632512,https://twitter.com/ellyesse/status/1530426523005632512,"Unico lato positivo di un volo alle 6.30? √à appena uscita #StrangerThings . Grazie modalit√† aereo, per avermi regalato un‚Äôora di pace per inziarla. Tanta roba. ;)",135,0
2022-05-24 13:12:13+00:00,1529087877732511744,https://twitter.com/ellyesse/status/1529087877732511744,"La Commissione europea prende a modello YOUZ,il primo Forum Giovani dell‚ÄôEmilia-Romagna lanciato per coprogettare con le giovani generazioni le politiche regionali sulle sfide cruciali per il futuro.12tappe,2000partecipanti,10proposte gi√† diventate impegni!https://t.co/2ftZTefCHP",35,0
2022-05-23 09:08:52+00:00,1528664247101710336,https://twitter.com/ellyesse/status/1528664247101710336,"30 anni fa l‚Äôattentato mafioso di Capaci che uccise #GiovanniFalcone,Francesca Morvillo e gli agenti Vito Schifani,Rocco Dicillo e Antonio Montinaro. 
Per onorare la loro memoria serve l‚Äôimpegno quotidiano a contrastare ogni mafia, con tutti gli strumenti del diritto e culturali.",177,0
2022-05-22 11:26:10+00:00,1528336411220492288,https://twitter.com/ellyesse/status/1528336411220492288,"In Piazza Matteotti a Genova tantissime persone per sostenere Ariel Dello Strologo. Una bellissima squadra di 193 candidat…ô di generazioni, provenienze e competenze diverse, che vogliono costruire un futuro migliore insieme a questa comunit√†! Forza! https://t.co/ZsiUC5TzKl",58,0
2022-05-19 11:59:09+00:00,1527257547564109825,https://twitter.com/ellyesse/status/1527257547564109825,"@l_patrizia Grazie! Avanti, insieme con tante e tanti altri! Con pazienza e determinazione",47,0
2022-05-17 17:51:13+00:00,1526621374135128067,https://twitter.com/ellyesse/status/1526621374135128067,"Gli studi dimostrano che dove mancano leggi che riconoscono diritti fondamentali sono pi√π frequenti episodi di violenza e discriminazione. 

Non accettiamolo pi√π. 

Sosteniamo con forza il passaggio del #DDLZan una legge necessaria.

#GiornataMondialeControLOmobilesbotransfobia https://t.co/Ak4IZ2kNvC",335,0
2022-05-14 13:00:05+00:00,1525460943559397377,https://twitter.com/ellyesse/status/1525460943559397377,"La sua coscienza civile, ben radicata nei valori e nei principi della Costituzione, √® un seme di democrazia che spetta a noi continuare a coltivare con cura. #ValerioOnida https://t.co/QGxLglbmim",46,0
2022-05-11 21:26:02+00:00,1524501105421561857,https://twitter.com/ellyesse/status/1524501105421561857,Congratulazioni di cuore alla @VirtusBo che ha vinto l‚Äô #Eurocup e vola in Eurolega!,69,0
2022-05-11 10:49:12+00:00,1524340844525928448,https://twitter.com/ellyesse/status/1524340844525928448,"La Lega dice ‚Äúgi√π le mani dal corpo‚Äù. 

Certo, quello delle donne.

Non si tratta di maleducazione n√© di ubriachezza ma di molestie vere e proprie. 

https://t.co/BGvcLUSTrZ",209,0
2022-05-11 09:07:12+00:00,1524315174177587201,https://twitter.com/ellyesse/status/1524315174177587201,"@TreizeJeanne @sbonaccini @nonunadimeno Qui una dichiarazione di ieri 
https://t.co/BGvcLUSTrZ",1,0
2022-05-11 09:06:42+00:00,1524315048805425152,https://twitter.com/ellyesse/status/1524315048805425152,@Mauri459066571 @sbonaccini https://t.co/BGvcLUBi3p,4,0
2022-05-10 17:01:19+00:00,1524072101120032769,https://twitter.com/ellyesse/status/1524072101120032769,"@ldibartolomei Qui hai un articolo di Repubblica che riprende e approfondisce alcune dichiarazioni rilasciate all‚ÄôAnsa diverse ore fa. Un caro saluto.
https://t.co/BGvcLUSTrZ",17,0
2022-05-05 10:44:40+00:00,1522165373394685956,https://twitter.com/ellyesse/status/1522165373394685956,"Domani sar√† un piacere incontrare di persona gli amici e le amiche calabresi!

Prima a Lamezia presentiamo #LaNostraParte con @annafalc 

Poi in piazza a Catanzaro, per sostenere il progetto di Nicola Fiorita con @JasmineCristal3 e tante altre persone 

Vi aspettiamo! https://t.co/dpPfkTgrYt",47,0
2022-05-05 07:15:31+00:00,1522112740176838658,https://twitter.com/ellyesse/status/1522112740176838658,@6000sardine Grazie!!,5,0
2022-05-03 14:36:49+00:00,1521499020635553794,https://twitter.com/ellyesse/status/1521499020635553794,"Che gioia!! 

Andrea Costa √® stato assolto dall‚Äôaccusa di favoreggiamento dell‚Äôimmigrazione clandestina perch√© il fatto non sussiste. 

La solidariet√† non √® un reato. Forza Andrea, ti abbraccio! https://t.co/b0mUB3r7BZ",766,0
2022-05-01 13:00:55+00:00,1520750113454440450,https://twitter.com/ellyesse/status/1520750113454440450,"Buon primo maggio, di festa e di lotta per il lavoro, per i diritti, la sicurezza, i salari e la dignit√† di chi lavora! https://t.co/KvZaTYMU2f",696,0
2022-04-26 19:54:12+00:00,1519042180156997632,https://twitter.com/ellyesse/status/1519042180156997632,"Tutta la mia vicinanza e solidariet√† a Don Mattia Ferrari, non lasciamolo solo davanti a queste inaccettabili minacce mafiose, stringiamoci intorno a lui come istituzioni e comunit√†. https://t.co/rTV3Oh7TYR",359,0
2022-04-22 12:33:22+00:00,1517481688670126081,https://twitter.com/ellyesse/status/1517481688670126081,https://t.co/n4fifVYAub,3,0
2022-04-22 12:31:11+00:00,1517481140101304320,https://twitter.com/ellyesse/status/1517481140101304320,"Oggi e domani con ‚ÄúLa nostra parte‚Äù e in ottima compagnia saremo a VERONA, BOLZANO, TRENTO E PADOVA.

Di seguito i dettagli, vi aspettiamo! #LaNostraParte https://t.co/xXwfMADM74",62,0
2022-04-21 14:28:11+00:00,1517148194324447234,https://twitter.com/ellyesse/status/1517148194324447234,"#21aprile 1945, 77 anni fa. 
Bologna liberata dal nazifascismo, da allora la citt√† √® sempre pi√π bella. https://t.co/dNjUCLMW72",1194,0
2022-04-20 13:17:16+00:00,1516767959473131530,https://twitter.com/ellyesse/status/1516767959473131530,Grazie a te Valerio per esserti preso il tempo di leggerlo! A presto,30,0
2022-04-14 09:40:42+00:00,1514539133863137281,https://twitter.com/ellyesse/status/1514539133863137281,"‚ÄúLa nostra parte‚Äù a Lugano stasera! 

Avr√≤ il grande piacere di confrontarmi con @MarinaCarobbio e @gretagysin sul futuro, sul contrasto alle diseguaglianze e sull‚Äôemergenza climatica, su alcune sfide comuni oltre ogni frontiera. 

Vi aspettiamo, non mancate! https://t.co/vwKb56uJuB",45,0
2022-04-06 15:53:06+00:00,1511733747082829834,https://twitter.com/ellyesse/status/1511733747082829834,La sentenza della Corte d‚ÄôAssise di Bologna al processo sui mandanti della strage alla stazione del 2 agosto 1980 ha visto la condanna all‚Äôergastolo dell‚Äôesponente di Avanguardia Nazionale Paolo Bellini e a 6 e 4 anni di carcere per Piergiorgio Segatel e Domenico Catracchia.,50,0
2022-04-06 15:49:25+00:00,1511732821605457922,https://twitter.com/ellyesse/status/1511732821605457922,"Il seme di verit√† che √® stato piantato oggi in questo processo continuer√†, ne sono convinta, a far germogliare altre verit√† cruciali per la democrazia del nostro Paese.

#2Agosto1980 #StrageDiBologna https://t.co/X42PbsDWOS",122,0
2022-04-05 10:59:14+00:00,1511297403302789124,https://twitter.com/ellyesse/status/1511297403302789124,"Grazie alla tenacia e alla determinazione della sua famiglia, finalmente giustizia per Stefano Cucchi.

https://t.co/oV29MeYQlQ",115,0
2022-04-04 20:29:05+00:00,1511078424550551565,https://twitter.com/ellyesse/status/1511078424550551565,@maffezz Seria come Zak McKracken. üòâ,4,0
2022-04-04 20:28:02+00:00,1511078161097936901,https://twitter.com/ellyesse/status/1511078161097936901,@Code2Works #leganerd ;),4,0
2022-04-04 19:38:32+00:00,1511065703692083205,https://twitter.com/ellyesse/status/1511065703692083205,"Non ci speravamo pi√π, e invece Ron Gilbert √® tornato. E con lui, anche Murray e magari il pollo di gomma con carrucola in mezzo. ‚ô•Ô∏è üè¥‚Äç‚ò†Ô∏è",85,0
2022-04-01 10:58:54+00:00,1509847771339128838,https://twitter.com/ellyesse/status/1509847771339128838,"Domani con ‚ÄúLa nostra parte‚Äù ci vediamo a Milano (ore 11,Fondazione Feltrinelli), ringrazio l‚Äôamico @pfmajorino e tutta la rete #CasaComune per l‚Äôinvito a confrontarci con Diletta Bellotti, Massimo Bonini @CateSarfatti @cecilia_strada @RossellaMuroni @peppeprovenzano @paolabocci https://t.co/DfPBy9kpz2",51,0
2022-03-20 15:34:38+00:00,1505568505239945216,https://twitter.com/ellyesse/status/1505568505239945216,Adesso su @RaiTre.,38,0
2022-03-17 20:05:34+00:00,1504549524097875976,https://twitter.com/ellyesse/status/1504549524097875976,"Vi aspettiamo in tante e tanti per stringerci attorno a una visione comune che coniughi giustizia sociale e climatica, per ragionare di quanto sta accadendo tra guerra e pandemia, per condividere proposte concrete per un futuro migliore. Qui il programma: https://t.co/i3HfNDz7WC https://t.co/LgFbI9XbXN",100,0
2022-03-04 15:54:12+00:00,1499775222576205829,https://twitter.com/ellyesse/status/1499775222576205829,"Una brutta notizia per L‚ÄôEspresso e per il giornalismo italiano. 

Forza Marco, continueremo a seguirti nelle prossime imprese.

https://t.co/WRSvQPJDIC",512,0
2022-02-24 12:22:48+00:00,1496822918852063232,https://twitter.com/ellyesse/status/1496822918852063232,"L‚Äôattacco di Putin all‚ÄôUcraina √® un atto criminale che coster√† vite umane e sofferenza, specie fra i civili. 

L‚ÄôUE e l‚ÄôItalia, che ripudia la guerra, rispondano uniti con fermezza e senza ambiguit√†. 
Serve ogni sforzo e una mobilitazione internazionale per fermare questa follia.",771,0
2022-02-22 20:43:38+00:00,1496224181939281923,https://twitter.com/ellyesse/status/1496224181939281923,Ci vediamo l√¨ cara Serena! https://t.co/m4OxIbVuxR,22,0
2022-02-21 23:21:43+00:00,1495901578099896327,https://twitter.com/ellyesse/status/1495901578099896327,Vi aspettiamo il 19 marzo! https://t.co/m4OxIbVuxR,31,0
2022-02-20 16:46:16+00:00,1495439670624362496,https://twitter.com/ellyesse/status/1495439670624362496,"Marino Golinelli, col suo grande spessore umano e culturale, ha saputo coinvolgere la comunit√† nella curiosit√† e nello sguardo lungo sul futuro, puntando sempre sul contributo delle nuove generazioni. 
Una perdita sentita per Bologna e il paese, condoglianze alla sua famiglia.",86,0
2022-02-17 09:22:16+00:00,1494240774250246145,https://twitter.com/ellyesse/status/1494240774250246145,"Grande delusione per la bocciatura dei referendum #Eutanasia e #CannabisLegale.

Avevano raccolto milioni di firme, mobilitato giovani.

Ora sia il Parlamento a prendere l‚Äôiniziativa per legiferare su questi due temi ineludibili.",1358,0
2022-02-17 08:38:45+00:00,1494229820984729607,https://twitter.com/ellyesse/status/1494229820984729607,Grazie di cuore Fabrizio. üôè,87,0
2022-02-15 14:39:24+00:00,1493595804321435649,https://twitter.com/ellyesse/status/1493595804321435649,@valeriafedeli @pdnetwork @SenatoriPD Grazie Valeria!,2,0
2022-02-13 20:32:52+00:00,1492959981943070727,https://twitter.com/ellyesse/status/1492959981943070727,@RossellaMuroni Amica mia ‚ô•Ô∏è,22,0
2022-02-13 14:24:54+00:00,1492867381718401036,https://twitter.com/ellyesse/status/1492867381718401036,"Stasera dalle 20 sar√≤ ospite di Fabio Fazio a @chetempochefa 

Vi aspetto! https://t.co/nCCmaVKKgh",710,0
2022-02-03 15:32:25+00:00,1489260493894139907,https://twitter.com/ellyesse/status/1489260493894139907,"""Le diseguaglianze non sono il prezzo da pagare alla crescita, sono piuttosto il freno di ogni prospettiva reale di crescita."" 
Discorso molto alto e completo, forte sulla dignit√†: emancipazione dal bisogno, dalle violenze, dallo sfruttamento. 
Buon lavoro Presidente 
#Mattarella",895,0
2022-02-02 18:17:42+00:00,1488939700303933445,https://twitter.com/ellyesse/status/1488939700303933445,"Piccola rettifica: leggo da altre agenzie che potrebbero essere stati 3, anzich√© 6, i voti contrari dei Commissari.",75,0
2022-02-02 17:22:56+00:00,1488925916361285634,https://twitter.com/ellyesse/status/1488925916361285634,"La scelta di inserire nucleare e gas nella tassonomia europea che orienter√† gli investimenti green √® sbagliata e incomprensibile alla luce degli obiettivi ambiziosi che l‚ÄôUE s‚Äô√® data e del Green Deal.Almeno 6 commissari hanno votato contro,perch√© questo rallenter√† la transizione.",992,0
2022-01-12 13:23:20+00:00,1481255477300314123,https://twitter.com/ellyesse/status/1481255477300314123,"Garanzia dei valori costituzionali, grande credibilit√† e alto spessore morale. 

Tre concetti che non possono stare nemmeno nella stessa frase con Silvio Berlusconi. 

Anche solo l‚Äôipotesi che possa essere candidato Presidente della Repubblica √® irricevibile. https://t.co/S1bweQEG1H",3742,0
2022-01-12 13:10:51+00:00,1481252335607287808,https://twitter.com/ellyesse/status/1481252335607287808,"@diMartedi Grazie per il tweet. Segnalo per√≤ che nel mio intervento in studio ho detto ‚Äúirresponsabile‚Äù, non ‚Äúresponsabile‚Äù, riferendomi alla destra.",265,0
2022-01-11 20:27:22+00:00,1480999798908100613,https://twitter.com/ellyesse/status/1480999798908100613,"Buonasera! 

Intorno alle 22.55 sar√≤ ospite da Giovanni Floris a @diMartedi con Enrico Letta, Marianna Aprile, Marco Damilano, Massimo Giannini e Maurizio Belpietro. https://t.co/PvexX88Y2N",242,0
2022-01-10 16:13:37+00:00,1480573552420179974,https://twitter.com/ellyesse/status/1480573552420179974,"Forza David, forza! 

Un abbraccio con la speranza che ti rimetta presto",276,0
2022-01-01 16:05:51+00:00,1477310107180539905,https://twitter.com/ellyesse/status/1477310107180539905,"Buon anno a tutt…ô!

Visti gli ultimi due, mi limito ad augurarvi di cuore di trovare stupore e meraviglia anche nelle cose pi√π semplici. :)

#Auguri #Pila https://t.co/4xrYJQSKy1",650,0
2021-12-31 11:20:54+00:00,1476876011883147267,https://twitter.com/ellyesse/status/1476876011883147267,"Per noi un passo avanti fondamentale verso una sanit√† davvero universalistica. 

Lavoriamo per garantire a tutt…ô il diritto alla salute e all‚Äôassistenza sanitaria, senza lasciare indietro le persone pi√π fragili. https://t.co/FiEzQrSK80",463,0
2021-12-20 11:31:17+00:00,1472892358052261893,https://twitter.com/ellyesse/status/1472892358052261893,"¬´√à cominciata una stagione di cambiamenti e di giustizia sociale¬ª
Gabriel Boric ha battuto l‚Äôavversario di destra, nostalgico di Pinochet.

Ha convinto e vinto su lotta a diseguaglianze e a cambiamenti climatici. C‚Äô√® speranza. 
Si pu√≤ uscire a sinistra da questi tempi duri. #Cile https://t.co/sjl7XRoKJ6",1251,0
2021-12-08 21:54:17+00:00,1468700487197278209,https://twitter.com/ellyesse/status/1468700487197278209,Sorellanza.,168,0
2021-12-08 13:56:03+00:00,1468580132935933954,https://twitter.com/ellyesse/status/1468580132935933954,"E Bologna risponde: forza Patrick! 

Finalmente libero, speriamo presto assolto. 

Ti aspettiamo!
#PatrickZaki https://t.co/SbemSwyp2R",820,0
2021-12-07 13:06:07+00:00,1468205178109181954,https://twitter.com/ellyesse/status/1468205178109181954,"Patrick Zaki sar√† scarcerato, che gioia! 

Sono stati 22 mesi interminabili, ma di lotta e di mobilitazione per non lasciarlo solo. 

Grazie a tutte le persone che non hanno mai smesso di crederci. Ora aspettiamo anche la sua assoluzione.",1220,0
2021-12-02 13:29:45+00:00,1466399186652471298,https://twitter.com/ellyesse/status/1466399186652471298,"Vi aspettiamo a Bologna stasera con @MichelaMarzano in Sala Borsa alle 18 per presentare il suo ‚ÄúStirpe e Vergogna‚Äù. 

A dopo! https://t.co/bIgTVdaKMo",43,0
2021-11-25 14:14:57+00:00,1463873849716613129,https://twitter.com/ellyesse/status/1463873849716613129,"L‚Äôindipendenza ed emancipazione economica delle donne √® fondamentale, il lavoro e l‚Äôautonomia sono cruciali anche per il contrasto alla violenza di genere. 

Oggi al fianco delle lavoratrici e dei lavoratori della #SagaCoffee a Gaggio Montano 

#25Novembre 
#Violenzasulledonne https://t.co/i8s0RSZZrk",212,0
2021-11-23 21:22:30+00:00,1463256667647315973,https://twitter.com/ellyesse/status/1463256667647315973,"@NetflixIT Ho la sigla di BoJack come sveglia. Comunque a me √® piaciuta tanto #Pantano, una serie polacca. #Strapparelungoibordi ha strappato anche me, alle lacrime. Ma anche di risate. 
Alzi la mano chi ha rimandato indietro tre volte per sentire il cane fare Per Elisa. üñêüèΩ",37,0
2021-11-20 21:11:44+00:00,1462166795905810438,https://twitter.com/ellyesse/status/1462166795905810438,"Oggi √® il #TransDayOfRemembrance , ed √® molto importante sentirlo ricordare da Porpora Marcasciano nel suo primo intervento in Consiglio Comunale a Bologna. Lo potete sentire qui. #CoalizioneCivicaCoraggiosa",70,0
2021-11-19 20:55:49+00:00,1461800401368502283,https://twitter.com/ellyesse/status/1461800401368502283,"Al Museo delle ceramiche di Faenza mi hanno spiegato che a una festa paesana a Vallauris, la proprietaria di un laboratorio ceramico consegn√≤ una pallottola di argilla a Pablo Picasso sfidandolo a modellare una forma. 
Direi che c‚Äô√® poco altro da aggiungere. https://t.co/IbpMocfUDe",297,0
2021-11-18 20:25:47+00:00,1461430457267068950,https://twitter.com/ellyesse/status/1461430457267068950,"222 persone che rischiano di perdere il lavoro. 

Una storia paradigmatica che abbraccia ogni sorta di disuguaglianza: territoriale, sociale, di genere. 

Siamo e saremo al fianco delle lavoratrici e dei lavoratori della #SagaCoffee 

https://t.co/0vruiavKDX",99,0
2021-11-12 16:10:31+00:00,1459191890029518850,https://twitter.com/ellyesse/status/1459191890029518850,"Emergenza climatica e lavoro, diritti e partecipazione. 
Tanti argomenti nell‚Äôintervista di @fanpage 

Questo non √® un Paese per donne e giovani, ma deve diventarlo.
https://t.co/IGxmC3NnD0",229,0
2021-11-10 19:32:54+00:00,1458518043034800128,https://twitter.com/ellyesse/status/1458518043034800128,@ClemBarbaro @RegioneER @sbonaccini @coe @ACoY_CoE @YouthCOE Interessante!,0,0
2021-10-28 14:33:59+00:00,1453731778393300998,https://twitter.com/ellyesse/status/1453731778393300998,Rettifico l‚Äôorario della diretta: 17.15. A dopo!,32,0
2021-10-28 12:29:12+00:00,1453700377048670210,https://twitter.com/ellyesse/status/1453700377048670210,"Ci vediamo alle 17 con @ZanAlessandro in diretta sulla mia pagina Instagram per capire meglio cosa √® successo ieri in quella seduta vergognosa al Senato ma anche come poter rilanciare una giusta battaglia di civilt√†. 

Vi aspettiamo, non molliamo! https://t.co/EvaAhSAqVa",1199,0
2021-10-27 16:54:22+00:00,1453404717250486281,https://twitter.com/ellyesse/status/1453404717250486281,Da settimane nel silenzio generale √® in atto un presidio permanente auto-organizzato da migranti in Libia per protestare contro le condizioni di detenzione disumane e i rastrellamenti brutali.Chiedono ascolto alle istituzioni internazionali e domani faranno una conferenza stampa.,157,0
2021-10-27 13:19:54+00:00,1453350748239147011,https://twitter.com/ellyesse/status/1453350748239147011,"Il voto segreto ha permesso a destre e complici di affossare il #ddlZan,tradendo le attese di chi subisce discriminazioni e le speranze della societ√†.Alla Camera la maggioranza c‚Äôera,al Senato col voto segreto no,scommettiamo che nessuno se ne assumer√† la responsabilit√†?Vergogna.",4392,0
2021-10-18 16:46:48+00:00,1450141324401946625,https://twitter.com/ellyesse/status/1450141324401946625,"Grandissima vittoria del centrosinistra ai ballottaggi, praticamente ovunque.

E ora subito al lavoro per consolidare una visione condivisa da offrire al Paese per convincere anche chi non ha votato, con un nuovo centrosinistra che batta le destre anche alle prossime politiche!",1026,0
2021-10-16 11:07:34+00:00,1449331178482380803,https://twitter.com/ellyesse/status/1449331178482380803,"Una delegazione di migliaia di persone partite dall‚ÄôEmilia-Romagna per essere in piazza a Roma a dire #MaiPi√πFascismi

Qui per stringerci attorno a lavoratrici e lavoratori della Cgil e dei sindacati, qui per Liliana Segre, qui per la democrazia. https://t.co/usUHQuGW3h",1290,0
2021-10-14 10:25:07+00:00,1448595719703629827,https://twitter.com/ellyesse/status/1448595719703629827,"√à un giorno fondamentale nel cammino in salita per la #verit√†perGiulioRegeni
Dopo anni di depistaggi e ostacoli alle indagini da parte dell‚ÄôEgitto,si apre il processo a Roma e gli imputati tentano di sottrarsi alla giustizia.
Stiamo tutte e tutti al fianco dei genitori di Giulio.",637,0
2021-10-09 20:42:30+00:00,1446939147499880449,https://twitter.com/ellyesse/status/1446939147499880449,"Una violenza squadrista e non tollerabile ha messo a ferro e fuoco le strade di Roma e attaccato la sede CGIL. Gravissimo. Piena solidariet√† a lavoratrici e lavoratori del sindacato. 
Le istituzioni agiscano subito secondo Costituzione:le organizzazioni neofasciste vanno sciolte.",2190,0
2021-10-03 14:59:37+00:00,1444678531125030920,https://twitter.com/ellyesse/status/1444678531125030920,"Stamattina prima di raggiungere #Marzabotto sono andata a votare! 
Partecipare √® importante, saranno anni decisivi. 

E grazie a tutte le persone che stanno lavorando ai seggi. https://t.co/74miEjt1ex",724,0
2021-10-01 15:14:23+00:00,1443957470980943879,https://twitter.com/ellyesse/status/1443957470980943879,"Se Giorgia Meloni trova 100 ore per vedere tutto il girato dell‚Äôinchiesta di #FanPage, allora trovi anche 10 secondi per dichiararsi antifascista. Come la Costituzione.
Quel che si vede nel servizio √® gi√† troppo: fuori i nostalgici di Hitler e del fascismo da istituzioni e liste.",6260,0
2021-09-26 13:40:06+00:00,1442121806119415811,https://twitter.com/ellyesse/status/1442121806119415811,"Due buone notizie dall‚ÄôEuropa: in Svizzera si approva a larga maggioranza il matrimonio egualitario e l‚ÄôIslanda diventa il primo Paese europeo con una maggioranza di donne in parlamento,33 deputate su 63! E in Italia quando? Forza! #genderequality #LGBTQI #loveislove #uguaglianza",1128,0
2021-09-18 12:57:21+00:00,1439211944456642564,https://twitter.com/ellyesse/status/1439211944456642564,Stasera alle 21 a #Torino con @RossellaMuroni e Roberto Mezzalama per #SinistraEcologista! Vi aspettiamo! https://t.co/6CGILxWN98,53,0
2021-09-18 10:51:45+00:00,1439180336336879618,https://twitter.com/ellyesse/status/1439180336336879618,Oggi alle 17.30 a #Varese insieme a @RossellaMuroni per #ProgettoConcittadin* e @galimbertidav sindaco! https://t.co/yaz3s6eJq0,139,0
2021-09-18 07:42:29+00:00,1439132704570814468,https://twitter.com/ellyesse/status/1439132704570814468,Oggi alle 13.45 in diretta con @luca_paladini4 @ZanAlessandro @BeppeSala e Annagaia Marchioro! In contemporanea sulle nostre pagine Facebook. #laMilanodeidiritti https://t.co/sGBv0YD2bQ,103,0
2021-09-15 15:10:41+00:00,1438158334910205959,https://twitter.com/ellyesse/status/1438158334910205959,"Potete farlo qui: 
https://t.co/gXnihSgGza",116,0
2021-09-15 15:09:17+00:00,1438157981162647557,https://twitter.com/ellyesse/status/1438157981162647557,"420 mila firme in 4 giorni sono un gran risultato, un segnale chiaro. 

Enorme risposta di partecipazione al referendum per legalizzare la cannabis, grazie anche al fatto che finalmente si possono raccogliere online. 

Firmate anche voi, c‚Äô√® tempo solo fino al 30 settembre. https://t.co/Gc4im3Juir",922,0
2021-09-14 16:56:06+00:00,1437822475342073869,https://twitter.com/ellyesse/status/1437822475342073869,"Patrick Zaki ha affrontato la prima udienza di un processo ingiusto, aggiornato al 28 settembre. √à illegittimamente detenuto dal 7 febbraio 2020 e rischia 5 anni di carcere.
Ora serve una mobilitazione forte della societ√† civile e,soprattutto,che il governo agisca
#libert√†perZaki",1843,0
2021-09-14 10:40:55+00:00,1437728059285774336,https://twitter.com/ellyesse/status/1437728059285774336,"Pi√π chiaro di cos√¨. ;) #TaxTheRich #Progressivit√† #Redistribuzione @aoc 

https://t.co/XnTrtJqPfd",377,0
2021-09-04 21:05:14+00:00,1434261296082468865,https://twitter.com/ellyesse/status/1434261296082468865,"Che giornata storica grazie alle atlete azzurre alle #Paralimpiadi, tripletta straordinaria sui 100 metri di Sabatini (con nuovo record mondiale), Caironi e Contraffatto. Podio tutto italiano e un‚Äôenorme emozione per tutt…ô noi!",267,0
2021-09-04 20:52:38+00:00,1434258124412751874,https://twitter.com/ellyesse/status/1434258124412751874,Grandissime le azzurre del #volley campionesse d‚ÄôEuropa!! Complimenti a tutta la squadra! #EuroVolleyW2021,534,0
2021-09-04 18:07:09+00:00,1434216480204337155,https://twitter.com/ellyesse/status/1434216480204337155,"Sorellanza.

@RossellaMuroni https://t.co/WatlmEoijl",881,0
2021-08-14 19:42:20+00:00,1426630286335479815,https://twitter.com/ellyesse/status/1426630286335479815,"Con la scomparsa di Piera Degli Esposti, Bologna e il Paese tutto perdono una delle interpreti pi√π significative della storia del teatro e del cinema italiani. 
Un pensiero di vicinanza ai suoi cari.

https://t.co/leSw8hpjri",316,0
2021-08-13 12:17:12+00:00,1426155876050776067,https://twitter.com/ellyesse/status/1426155876050776067,"√à morto Gino Strada. Una notizia terribile, che piomba come un fulmine a ciel sereno lasciando sgomento e dolore. 
Medico e fondatore di Emergency, ha fatto tantissimo per la pace e per la cura degli altri e dei pi√π fragili, anche nei contesti pi√π difficili. 
Una perdita enorme.",2303,0
2021-08-06 08:51:20+00:00,1423567353854537728,https://twitter.com/ellyesse/status/1423567353854537728,"La casa √® un diritto. Altri 10 milioni stanziati per recupero e assegnazione case popolari. 

Grazie ai primi 10 l‚Äôanno scorso, in 7 mesi ne sono stati assegnate 731 alle famiglie in difficolt√†. 

L‚Äôobiettivo √® far avere in fretta una casa a chi l‚Äôattende ma ancora non ce l‚Äôha. https://t.co/D9piNjDx5s",172,0
2021-08-01 13:24:33+00:00,1421824173509419008,https://twitter.com/ellyesse/status/1421824173509419008,"Giornata storica per lo sport italiano: uno strepitoso Jacobs vince per la prima volta per l‚ÄôItalia nei 100 metri!E Tamberi vince l‚Äôoro ex aequo nel salto in alto.Dopo Dell‚ÄôAquila nel Taekwondo e Rodini&Cesarini nel Canottaggio, sono gi√† 4 ori,pi√π argenti e bronzi. Forza azzurr…ô! https://t.co/NyfDAKlRCB",632,0
2021-07-28 12:04:18+00:00,1420354426716495872,https://twitter.com/ellyesse/status/1420354426716495872,"I portici di #Bologna sono stati riconosciuti patrimonio dell‚Äôumanit√† dell‚ÄôUNESCO.
Straordinario risultato per la citt√†,per la comunit√† regionale e il Paese. Complimenti e grazie a tutte le persone che si sono mobilitate e alle istituzioni,in primis al Comune e al sindaco Merola!",443,0
2021-07-26 11:07:15+00:00,1419615293547163648,https://twitter.com/ellyesse/status/1419615293547163648,"Drammatiche le immagini dalla Sardegna, roghi devastanti hanno cancellato interi boschi, ucciso animali nei pascoli, bruciato case, vigneti e campi, costretto persone alla fuga. 

Piena vicinanza alle comunit√† colpite e grazie a chi √® impegnato ad arginare il fuoco e soccorrere.",507,0
2021-07-23 12:31:25+00:00,1418549310480949254,https://twitter.com/ellyesse/status/1418549310480949254,Tanti auguri di buon compleanno al Presidente #Mattarella https://t.co/ksDDDfVv7k,394,0
2021-07-22 18:19:34+00:00,1418274534956965892,https://twitter.com/ellyesse/status/1418274534956965892,"Seconda dose, fatta. 

Grande professionalit√† e ottima organizzazione. 

Di nuovo grazie a tutto il personale impegnato nella campagna vaccinale. 

#Proteggiamoci https://t.co/wmB0SMwQf6",1159,0
2021-07-22 11:42:35+00:00,1418174632927113218,https://twitter.com/ellyesse/status/1418174632927113218,"In Emilia-Romagna anche le persone senza dimora hanno diritto al medico di base. 
L‚ÄôAssemblea regionale ha approvato all‚Äôunanimit√† il progetto di legge presentato dal consigliere @antoniomumolo 

Per combattere le diseguaglianze e ribadire che il diritto alla salute √® universale.",1700,0
2021-07-16 11:28:36+00:00,1415996784669757441,https://twitter.com/ellyesse/status/1415996784669757441,"Gravissime le conseguenze dell‚Äôalluvione che ha investito la Germania e il Belgio: oltre 120 vittime e 1300 dispersi, danni ingenti al territorio. Solidariet√† alle aree colpite. √à piena emergenza climatica, dobbiamo agire in fretta e cambiare rotta. https://t.co/YfKcLU9X8A",306,0
2021-07-11 22:14:41+00:00,1414347440044527620,https://twitter.com/ellyesse/status/1414347440044527620,"CAMPIONI D‚ÄôEUROPA! Con Gigio non si passa! Grandissima squadra che c‚Äôha messo il cuore, e dopo 53 anni ci riporta a vincere gli europei. #ItaliaInghilterra #Euro2020Final #EURO2020 #ForzaAzzurri https://t.co/o4ezzqJ9AZ",704,0
2021-07-09 14:49:16+00:00,1413510572058894337,https://twitter.com/ellyesse/status/1413510572058894337,"La qualit√† della vita di lavoratori e lavoratrici migliora. Meno stress e pi√π conciliazione. La produttivit√† non diminuisce, ma aumenta. Favorevoli i sindacati e i datori di lavoro. Il successo dell‚Äôesperimento islandese sulla riduzione dell‚Äôorario di lavoro a parit√† di salario. https://t.co/2mbzIpfEKL",1713,0
2021-07-06 21:48:05+00:00,1412528807073009667,https://twitter.com/ellyesse/status/1412528807073009667,"FINALE, ARRIVIAMO! #ForzaAzzurri #ItaliaSpagna #EURO2020 https://t.co/EFTXHDyCBI",551,0
2021-07-01 21:17:38+00:00,1410709205598851074,https://twitter.com/ellyesse/status/1410709205598851074,"Ecco come la cosiddetta Guardia Costiera libica utilizza la motovedetta Ras Jadir donata dall‚ÄôItalia.Altro che ricerca e soccorso in mare:spari contro i migranti e tentativi di speronamento. 
Basta coi finanziamenti alla Guardia costiera libica, basta complicit√† con quest‚Äôorrore.",946,0
2021-06-30 12:15:11+00:00,1410210304605265923,https://twitter.com/ellyesse/status/1410210304605265923,"L‚Äôorrenda mattanza di #SantaMariaCapuaVetere contro i detenuti che chiedevano mascherine e tamponi √® inaccettabile in uno Stato di diritto. 
Anche le persone ristrette hanno diritti e non possono subire trattamenti inumani e torture. Pazzesco che Salvini solidarizzi con le botte.",2415,0
2021-06-28 20:28:31+00:00,1409609678519209990,https://twitter.com/ellyesse/status/1409609678519209990,"Bello e importante sentire il commento tecnico di @katia_serra durante #FranciaSvizzera su @RaiUno, una delle pochissime voci femminili che ci raccontano le partite degli #Europei. Forza Katia, un orgoglio per le @AzzurreParl, per l‚ÄôEmilia-Romagna e l‚ÄôItalia!",406,0
2021-06-26 16:57:12+00:00,1408831724667256844,https://twitter.com/ellyesse/status/1408831724667256844,"Oggi delle piazze si riempiono per chiedere di tutelare il lavoro e altre di tutelare l‚Äôamore dalle discriminazioni.
Diritti civili&sociali sono inscindibili,chi lo nega di solito non vuole n√© gli uni n√© gli altri.
Il Governo ascolti i sindacati. Il Parlamento approvi il #ddlZan!",804,0
2021-06-25 18:32:09+00:00,1408493230451265540,https://twitter.com/ellyesse/status/1408493230451265540,"Servono politiche a misura dei bisogni delle giovani generazioni, in Emilia-Romagna le scriviamo insieme a loro #Youz 
https://t.co/ts8OUq5OEV",291,0
2021-06-20 10:13:13+00:00,1406555730111565824,https://twitter.com/ellyesse/status/1406555730111565824,"Ho votato per le #primarieBologna, al mio seggio grande partecipazione! 

Si vota fino alle 21, cercate il vostro seggio su https://t.co/4H8oHhXZ03

@matteolepore @emsclancy https://t.co/tFTcsEWkw7",446,0
2021-06-18 14:24:19+00:00,1405894145948930053,https://twitter.com/ellyesse/status/1405894145948930053,"Solidariet√† e condoglianze a famiglia, compagni e compagne del sindacalista Adil Belakhdim.
Non si pu√≤ morire ammazzati n√© essere aggrediti ad un presidio per i diritti di lavoratori e lavoratrici. 
Non √® accettabile in una Repubblica che la Costituzione vuole fondata sul lavoro.",1697,0
2021-06-16 09:18:51+00:00,1405092498071080962,https://twitter.com/ellyesse/status/1405092498071080962,"30 anni compiuti oggi, il secondo compleanno passato in cella. 

Rinchiuso nelle carceri egiziane da sedici mesi senza aver commesso nessun crimine. 

I nostri auguri sono una promessa: continueremo a batterci per la tua libert√†. 
#PatrickZaki",1211,0
2021-06-09 12:17:02+00:00,1402600625918119938,https://twitter.com/ellyesse/status/1402600625918119938,"Il voto del Senato per inserire in Costituzione la tutela dell‚Äôambiente, degli ecosistemi, della biodiversit√† e degli animali √® un passo fondamentale, che prende atto dell‚Äôemergenza climatica e del diritto delle nuove generazioni di pretendere subito azioni concrete per il clima.",964,0
2021-06-07 20:58:48+00:00,1402007155193040896,https://twitter.com/ellyesse/status/1402007155193040896,La triste notizia della scomparsa di Guglielmo Epifani ci √® giunta oggi come un fulmine a ciel sereno mentre eravamo riuniti con tutte le parti sociali. Un forte abbraccio ai suoi cari e a compagni e compagne di battaglie in politica e nel sindacato per i diritti di chi lavora.,603,0
2021-06-05 17:13:20+00:00,1401225636958642176,https://twitter.com/ellyesse/status/1401225636958642176,"L‚Äôaccordo G7 su tassazione minima globale del 15% per le multinazionali √® un passo avanti nella lotta all‚Äôelusione fiscale, per frenare la corsa a ribasso tra Paesi. Positiva la volont√† di redistribuire i diritti fiscali. Va esteso a livello globale e ascoltando rete #TaxJustice.",323,0
2021-06-05 16:28:04+00:00,1401214245145022464,https://twitter.com/ellyesse/status/1401214245145022464,"√à la Giornata Mondiale per l‚ÄôAmbiente, eppure siamo ancora troppo lontani dalla svolta che serve per ridurre le emissioni di almeno il 55% entro il 2030. 

Le risorse PNRR vanno investite in progetti di vera transizione ecologica. 

E serve stop ai sussidi ambientalmente dannosi.",481,0
2021-06-02 12:49:25+00:00,1400072059833700354,https://twitter.com/ellyesse/status/1400072059833700354,"75 anni di Repubblica antifascista.

Ma la democrazia non √® mai scontata, curiamola, difendiamola e rafforziamola ogni giorno, senza lasciare nessuno indietro. 

Buon #2Giugno a tutte e tutti",1377,0
2021-05-30 20:38:26+00:00,1399102925088165889,https://twitter.com/ellyesse/status/1399102925088165889,"@nelloscavo @mattiaferrari93 @ItalyMFA @Viminale Massima solidariet√† a @mattiaferrari93 che da anni si batte per i diritti degli ultimi, per salvare vite e denunciare quanto accade nel Mediterraneo. E anche a @nelloscavo, che contribuisce ogni giorno a portare alla luce la verit√† su quel che succede in Libia e a chi fugge.",320,0
2021-05-28 18:59:17+00:00,1398353197610250248,https://twitter.com/ellyesse/status/1398353197610250248,"Dal 1961 ad oggi sono oltre 50mila i ‚Äúprigionieri di coscienza‚Äù che Amnesty International ha contribuito a liberare. 

Tanti auguri per il 60esimo anniversario di un impegno prezioso nel segno dei diritti umani. @amnestyitalia",404,0
2021-05-28 17:22:29+00:00,1398328840473174019,https://twitter.com/ellyesse/status/1398328840473174019,"Complimenti e auguri di buon lavoro a Samantha Cristoforetti che sar√† alla guida della Stazione Spaziale Internazionale #ISS! 

Una bellissima notizia, da tanti punti di vista!",1070,0
2021-05-28 11:55:31+00:00,1398246556462108677,https://twitter.com/ellyesse/status/1398246556462108677,"Troppi posti di lavoro in pericolo. 

Non si possono scaricare su lavoratrici e lavoratori le difficolt√† del momento, imprese e lavoro vanno accompagnati nella ripresa coi giusti tempi e tutti gli strumenti necessari. 

Il governo cambi strada sul blocco dei licenziamenti.",610,0
2021-05-18 07:05:13+00:00,1394549617732329474,https://twitter.com/ellyesse/status/1394549617732329474,@LoZioRufus @pdnetwork https://t.co/j4AuJMhWWV,48,0
2021-05-18 07:04:52+00:00,1394549531900104704,https://twitter.com/ellyesse/status/1394549531900104704,@dariodalb10 https://t.co/j4AuJMhWWV,2,0
2021-05-17 10:13:52+00:00,1394234706187669504,https://twitter.com/ellyesse/status/1394234706187669504,@jan_mazza @peppeprovenzano https://t.co/j4AuJMhWWV,27,0
2021-05-17 09:29:11+00:00,1394223462382817282,https://twitter.com/ellyesse/status/1394223462382817282,"Nella Giornata contro omolesbofobia, bifobia e transfobia serve un concreto passo avanti riconoscendo diritti e contro l‚Äôodio: approvate il #DdlZan. Ma serve anche prevenire le discriminazioni educando alle differenze. Non per cancellarle, ma per metterle a valore.
 #IDAHOBIT2021",680,0
2021-05-07 11:20:49+00:00,1390627675337863172,https://twitter.com/ellyesse/status/1390627675337863172,"In Conferenza delle Regioni l‚ÄôEmilia-Romagna avr√† la responsabilit√† di coordinare la Comm. Salute con @raffaeledonini, @irene_priolo sar√† vicecoordinatrice della Comm. Protezione Civile ed io della Comm. Affari Europei. 
In bocca al lupo e grazie ai colleghi e alle altre Regioni.",170,0
2021-05-04 20:48:19+00:00,1389683328484323332,https://twitter.com/ellyesse/status/1389683328484323332,"Voglio ringraziarvi di cuore per tutti gli auguri e l‚Äôaffetto che mi avete mandato oggi! 
Piano piano riuscir√≤ a rispondere. 
Per le feste dovremo aspettare ancora, ma almeno ho recuperato due tortine! https://t.co/VI9gSJpLPA",2353,0
2021-05-04 19:42:02+00:00,1389666647435354113,https://twitter.com/ellyesse/status/1389666647435354113,@GiulioSiamoNoi Grazie!,36,0
2021-05-04 16:23:58+00:00,1389616803480051712,https://twitter.com/ellyesse/status/1389616803480051712,@Lucios58 @lilasart Auguri!,1,0
2021-05-04 15:42:52+00:00,1389606458682224647,https://twitter.com/ellyesse/status/1389606458682224647,@martagrammm Grazie!!,2,0
2021-05-04 15:40:14+00:00,1389605798309941253,https://twitter.com/ellyesse/status/1389605798309941253,@AnnalisaTasina2 Grazie cara!! Reciproco!,11,0
2021-05-04 15:40:01+00:00,1389605744366997506,https://twitter.com/ellyesse/status/1389605744366997506,@lilasart Grazie!,14,0
2021-04-30 13:06:07+00:00,1388117462986772480,https://twitter.com/ellyesse/status/1388117462986772480,"Qui il link alla diretta integrale 

https://t.co/49lGgKKMKC",31,0
2021-04-30 13:03:33+00:00,1388116815306448903,https://twitter.com/ellyesse/status/1388116815306448903,"Il mio intervento nel dibattito organizzato ieri da @Leagor1 con @GoffredoBettini 
@GiuseppeConteIT
@EnricoLetta @maxsmeriglio e Nadia Urbinati. 

https://t.co/49lGgKKMKC",163,0
2021-04-28 16:05:08+00:00,1387437735275806720,https://twitter.com/ellyesse/status/1387437735275806720,"Bocciata mozione di sfiducia a #Speranza Piena solidariet√† a @robersperanza che fa un lavoro enorme e difficile nell‚Äôinteresse pubblico di tutela della salute e di ripartenza in sicurezza. Se Salvini&Meloni pensassero davvero all'Italia,terrebbero la salute fuori dalla loro gara.",1905,0
2021-04-27 16:16:35+00:00,1387078230713188356,https://twitter.com/ellyesse/status/1387078230713188356,"Una bellissima notizia. 

Walter De Benedetto √® stato dichiarato non colpevole per aver utilizzato #cannabis a fini terapeutici. 

Ma ha ragione Riccardo, √® un altro segnale: il Parlamento non pu√≤ pi√π tardare su #legalizzazione",567,0
2021-04-25 18:31:44+00:00,1386387466488266754,https://twitter.com/ellyesse/status/1386387466488266754,@A_drin_ @rulajebreal @PBerizzi Grazie a te per averci seguito! Buon 25 aprile!,4,0
2021-04-25 14:14:27+00:00,1386322718400950272,https://twitter.com/ellyesse/status/1386322718400950272,"@VivianiSamuele Anche a voi Samuele buon 25 aprile, un abbraccio!",3,0
2021-04-25 14:08:52+00:00,1386321314525368323,https://twitter.com/ellyesse/status/1386321314525368323,"A Irma Bandiera e a tutte le partigiane e i partigiani che si sono schierati dalla parte giusta della Storia per conquistare la libert√† e i valori democratici, che dobbiamo continuare a difendere, va ora e sempre la pi√π profonda gratitudine. 

Viva il #25aprile 
Viva l‚ÄôItalia! https://t.co/PQKgpcX1i5",1260,0
2021-04-22 16:42:16+00:00,1385272752970547205,https://twitter.com/ellyesse/status/1385272752970547205,"La legge Zan contro l‚Äôomolesbobitransfobia, la misoginia e l‚Äôabilismo deve passare perch√© √® una legge necessaria che aspettiamo da troppo tempo. 

E il tempo √® scaduto, soprattutto per chi le discriminazioni le subisce quotidianamente sulla propria pelle. 
#DiamociUnaMano #DdlZan https://t.co/gSufcAymk0",1858,0
2021-04-21 13:49:41+00:00,1384866935947603972,https://twitter.com/ellyesse/status/1384866935947603972,"Opera di Antonella Cinelli.
Foto di Giorgio Bianchi per il 
@comunebologna @Anpinazionale",49,0
2021-04-21 13:46:03+00:00,1384866018431016962,https://twitter.com/ellyesse/status/1384866018431016962,"Bologna ricorda oggi la Liberazione dal nazifascismo. 

E, dopo 76 anni, i volti dei partigiani e delle partigiane illuminano e accompagnano la citt√†, che deve loro tantissimo. 

#antifascistisempre https://t.co/EKJVFB7jcQ",1055,0
2021-04-14 19:45:36+00:00,1382419790053183494,https://twitter.com/ellyesse/status/1382419790053183494,"Oggi anche una bella visita da parte di un amico, @aboubakar_soum per ragionare insieme su come intrecciare le lotte cruciali per il futuro. https://t.co/VQ07V8HdKZ",1802,0
2021-04-14 14:59:19+00:00,1382347743612526597,https://twitter.com/ellyesse/status/1382347743612526597,"La mozione per la cittadinanza a #PatrickZaki approvata al Senato √® un segnale importante. 

Rafforza la richiesta di liberazione che dobbiamo continuare a portare avanti in ogni modo. 

Il Governo italiano non esiti e sia conseguente: no ad armi e navi all‚ÄôEgitto. 

#FreePatrick",1719,0
2021-03-31 14:03:09+00:00,1377260180279336960,https://twitter.com/ellyesse/status/1377260180279336960,"Candido fa il rider ed √® il protagonista del libro omonimo scritto da @GuidoBrera e @i_diavoli 

Oggi ho il piacere di partecipare alla presentazione del libro insieme al suo autore, a @giankaleone e @bettywrong 

Vi aspettiamo alle 18, sulla pagina facebook de @lanavediteseoed https://t.co/DCRXeL8AWK",148,0
2021-03-30 20:03:57+00:00,1376988587187666947,https://twitter.com/ellyesse/status/1376988587187666947,"@EugenAFreund I am so happy to hear from you, dear friend! I hope you are fine and keeping on fighting for the good causes!",12,0
2021-03-16 08:20:02+00:00,1371738012762177541,https://twitter.com/ellyesse/status/1371738012762177541,"Stamattina alle 9.35 sar√≤ ospite a ‚ÄúLe mattine di Radio Capital‚Äù con @stanzaselvaggia e @SalamidaFabio 

https://t.co/pOgy2LJbwA",177,0
2021-03-13 18:27:02+00:00,1370803604177752068,https://twitter.com/ellyesse/status/1370803604177752068,"Buonasera, fra poco pi√π di un‚Äôora sono ospite di Lilli Gruber a @OttoemezzoTW https://t.co/4DKKO2diIQ",1020,0
2021-03-09 21:03:09+00:00,1369393343243956231,https://twitter.com/ellyesse/status/1369393343243956231,"Qui il video integrale della diretta:
https://t.co/YPC4XKhzuF",160,0
2021-03-09 16:46:21+00:00,1369328717068111873,https://twitter.com/ellyesse/status/1369328717068111873,Ci vediamo alle 19 in diretta sulla mia pagina Facebook per condividere con voi una riflessione sul momento politico.,580,0
2021-02-26 20:05:58+00:00,1365392684924473349,https://twitter.com/ellyesse/status/1365392684924473349,"Sono molto addolorata per la scomparsa di Bruno Pizzica, instancabile combattente e sindacalista. Mi unisco al dolore dei familiari, degli amici e di tutta la CGIL Emilia-Romagna e lo @SpiCgilER. @ERCGIL",132,0
2021-02-25 16:31:55+00:00,1364976430933753858,https://twitter.com/ellyesse/status/1364976430933753858,"Vicina a Gian Andrea, Lorena e a tutta l‚Äôassociazione Linea d‚Äôombra, che conosco da anni per il loro impegno umanitario, il loro contributo appassionato e disinteressato nel prendersi cura degli ultimi e dei dimenticati. 

La solidariet√† non √® un reato.
https://t.co/fZzCD974Uw",872,0
2021-02-22 19:14:16+00:00,1363930121674100745,https://twitter.com/ellyesse/status/1363930121674100745,"@XERDAN_Design His name was Mustapha Milambo.He was also killed in today‚Äôs attack. My deepest and most sincere condolences to his family and friends for their painful and sudden loss. My thoughts go also to the three people abducted and their families, hoping they will be freed and return home.",16,0
2021-02-22 17:14:53+00:00,1363900077656391695,https://twitter.com/ellyesse/status/1363900077656391695,"Grande dolore per la morte dell‚Äôambasciatore Luca Attanasio, persona di grande valore e generosit√†,cos√¨ come per il carabiniere Vittorio Iacovacci, entrambi uccisi in un attentato in Congo mentre svolgevano il proprio lavoro. Solidariet√† e vicinanza a familiari, amici e colleghi.",1215,0
2021-02-17 14:14:09+00:00,1362042656369618944,https://twitter.com/ellyesse/status/1362042656369618944,@MSbattella @fabriziobarca @6000sardine Complimenti Michele!,10,0
2021-02-12 13:26:15+00:00,1360218663735951360,https://twitter.com/ellyesse/status/1360218663735951360,Qui tutte le info sul bando: https://t.co/8tdp81d6EL,54,0
2021-02-12 13:25:22+00:00,1360218441043607554,https://twitter.com/ellyesse/status/1360218441043607554,"In Emilia-Romagna nuovi aiuti al Terzo Settore in difficolt√†: oltre 3 mln per coprire spese avute nell‚Äôemergenza, da 2,5k a 10k euro. Circoli e volontari sono presidi fondamentali per la coesione sociale. Non lasciamo indietro proprio chi ci aiuta a non lasciare indietro nessuno.",449,0
2021-02-11 12:31:40+00:00,1359842539474411526,https://twitter.com/ellyesse/status/1359842539474411526,"Abbiamo chiuso un accordo molto importante: rinnovate le tariffe agevolate del trasporto pubblico per le persone fragili e aggiunte due nuove categorie, persone senza fissa dimora e famiglie con 4 o pi√π figli. Perch√© spostarsi in modo sostenibile sia un diritto per tutte e tutti. https://t.co/uMBzbSitVP",845,0
2021-02-08 17:57:04+00:00,1358837266144190468,https://twitter.com/ellyesse/status/1358837266144190468,"Gi√† da un anno Patrick Zaki √® illegittimamente detenuto in Egitto in condizioni inaccettabili. 

Mi unisco all‚Äôappello della famiglia affinch√© gli venga riconosciuta la cittadinanza italiana. 

L‚ÄôItalia alzi la voce per chiedere la sua immediata liberazione. https://t.co/4C7FCDSFLa",2263,0
2021-02-02 10:05:52+00:00,1356544356371595266,https://twitter.com/ellyesse/status/1356544356371595266,"Una bella iniziativa, una scuola di mobilitazione politica rivolta ai giovani che vogliano contrastare le diseguaglianze e la crisi climatica. Perch√© ‚Äúavremo bisogno di tutta la nostra intelligenza‚Äù. @DD_Forum @GreenItalia1 @6000sardine @ProgettoRENA @MovimentaCC #TiCandido & co.",268,0
2021-01-28 15:45:55+00:00,1354817991540527112,https://twitter.com/ellyesse/status/1354817991540527112,"A #Cogoleto in provincia di Genova, tre consiglieri comunali di centrodestra ieri hanno fatto il saluto romano in aula. 

Nella giornata della Memoria, in una citt√† medaglia d‚Äôoro al valore militare per la Resistenza. 

Un gesto intollerabile e oltraggioso, altro che goliardata. https://t.co/HU4afET9w1",1996,0
2021-01-25 11:50:05+00:00,1353671481138556930,https://twitter.com/ellyesse/status/1353671481138556930,"Gi√† 5 anni e nonostante le battaglie della famiglia,le mobilitazioni e la fine delle indagini della magistratura,ancora chiediamo #Verit√†egiustiziaperGiulio e di liberare Zaki.Non facciamoci prendere in giro,no alla vendita di armi e accordi con l‚ÄôEgitto,che non √® un Paese sicuro",1560,0
2021-01-20 22:26:36+00:00,1352019725686083585,https://twitter.com/ellyesse/status/1352019725686083585,"√à un bel giorno. Si apre una stagione diversa, in tutti i sensi. 

Ora servono politiche che riconoscano le differenze e riducano le diseguaglianze. 

Buon lavoro a Biden e Harris, che hanno l‚Äôarduo compito di sanare le ferite e ricucire un Paese cos√¨ diviso. 
#InaugurationDay https://t.co/T4uPDDQHza",832,0
2021-01-19 09:37:41+00:00,1351463833550934018,https://twitter.com/ellyesse/status/1351463833550934018,"Un vita intera a servizio dei propri ideali e della lotta per i diritti delle persone e di chi lavora, per una societ√† migliore. 

Mancher√† molto, alla sinistra e non solo, il pensiero fine e profondo di Emanuele #Macaluso 

Il ricordo di Concetto Vecchio: https://t.co/C5Ky0ZKYOe",742,0
2021-01-11 20:52:13+00:00,1348734484099772416,https://twitter.com/ellyesse/status/1348734484099772416,"Oggi il Consiglio Comunale di Bologna ha approvato all‚Äôunanimit√† il conferimento della cittadinanza onoraria a Patrick Zaki, in carcere in Egitto dal 7 febbraio 2020, quasi un anno fa. Segnale forte di vicinanza della citt√†, continuiamo a chiedere la sua liberazione. #FreePatrick",3109,0
2021-01-06 21:20:06+00:00,1346929560596537344,https://twitter.com/ellyesse/status/1346929560596537344,"Quel che sta accadendo a Washington √® di gravit√† inaudita e non ha precedenti nella storia. La protesta voluta da #Trump diventa irruzione armata nel Congresso,con scontri a fuoco.Non stupisce che un deputato repubblicano parli di tentato golpe. Ferita profonda per la democrazia.",2136,0
2021-01-03 18:21:36+00:00,1345797474104053762,https://twitter.com/ellyesse/status/1345797474104053762,"Perch√© gli investimenti del Next Generation EU siano realmente trasformativi serve progettare il nuovo,servono ascolto e partecipazione. 
Un appello di personalit√† europee che ho firmato anch‚Äôio per chiedere che l‚ÄôUnione non perda un‚Äôoccasione irripetibile https://t.co/NkgYmmA1QD",226,0
